C;SI;25
E;Bernard;Théo
E;Chevalier;Clémence
E;Deschamps;Margaux
E;Dubois;Amélie
E;Dupont;Chloé
E;Fontaine;Romain
E;Fournier;Sébastien
E;Gauthier;Aurélie
E;Girard;Jérémie
E;Giraud;Elise
E;Joly;Sophie
E;Lambert;Antoine
E;Laurent;Léa
E;Leclerc;Fabien
E;Lefèvre;Camille
E;Lefevre;Émilie
E;Lefort;Olivier
E;Lemoine;Julien
E;Leroux;Lucien
E;Martin;Bastien
E;Moreau;Élodie
E;Renard;Hugo
E;Renault;Léonie
E;Roux;Mathis
E;Simon;Manon
C;SRC;25
E;Adam;Margot
E;Caron;Damien
E;Charpentier;Céline
E;Delacroix;Louis
E;Dubois;Justine
E;Garnier;Marion
E;Guerin;Guillaume
E;Leclercq;Amélie
E;Lefebvre;Philippe
E;Lefevre;Isabelle
E;Leroux;Léna
E;Leroy;Coralie
E;Marchand;Charlotte
E;Masson;François
E;Mercier;Juliette
E;Michel;Amandine
E;Muller;Thibault
E;Noel;Pierre
E;Paris;Alexandre
E;Perrin;Nicolas
E;Petit;Lucas
E;Picard;Anaïs
E;Robin;Éva
E;Rousseau;Vincent
E;Roussel;Maxime
C;MCSI;25
E;Andre;Baptiste
E;Bertrand;Florian
E;Clement;Fleur
E;Deschamps;Emilie
E;Dubois;Emmanuel
E;Fabre;Eléna
E;Faure;Victor
E;Gerard;Gabriel
E;Gerard;Sébastien
E;Guillaume;Clémentine
E;Guillaume;Xavier
E;Leagall;Benjamin
E;Lebrun;Delphine
E;Leclercq;Eléna
E;Lecomte;Laura
E;Lemaire;Océane
E;Leroux;Florent
E;Mercier;Rémi
E;Noel;Corentin
E;Perrin;Alexandre
E;Rolland;Pauline
E;Rousseau;Antonin
E;Thomas;Isabella
E;Vasseur;Eléonore
E;Vincent;Laëtitia
E;Nielle;Xavier
